{
  "name": "workshop-party-unit-frames",
  "title": "Workshop's Party Unit Frames",
  "description": "Displays Party Unit Frames for all tokens you have permissions to display resource bars. Optionally adds Quest Tracker to work with Forien's Quest Log.",
  "author": "Forien – Forien#2130",
  "authors": [
    {
      "name": "Forien – Forien#2130",
      "url": "https://www.patreon.com/foundryworkshop"
    }
  ],
  "version": "0.1.5",
  "esmodules": [
    ".foundryvtt-workshop-party-unit-frames.js"
  ],
  "styles": [
    "./styles/style.css"
  ],
  "scripts": [
    "./scripts/prompt.js"
  ],
  "languages": [
    {
      "lang": "en",
      "name": "English",
      "path": "lang/en.json"
    }
  ],
  "url": "https://github.com/p4535992/party-unit-frames",
  "manifest": "https://raw.githubusercontent.com/p4535992/party-unit-frames/master/src/module.json",
  "download": "https://raw.githubusercontent.com/p4535992/party-unit-frames/master/package/workshop-party-unit-frames-v0.1.5.zip",
  "readme": "https://github.com/p4535992/party-unit-frames/blob/master/README.md",
  "changelog": "https://github.com/p4535992/party-unit-frames/blob/master/changelog.md",
  "bugs": "https://github.com/p4535992/party-unit-frames/issues",
  "minimumCoreVersion": "0.7.6",
  "compatibleCoreVersion": "0.7.9",
  "dependencies": [
    {
      "name": "forien-quest-log"
    },
    {
      "name": "lib-wrapper"
    }
  ]

}
